{

    "scratch_dir": "/scratch/hermanse/",
    "fox_name": "SECAR_pg_Optics",
    "n_obj": 5,    
    "objectives": ["FP1_res","FP2_res","FP3_res","MaxBeamWidth","FP4_BeamSpot"],
    "fNominal": [0.00812366536, 6.90333129, 9.51620352, 1.01742565, 0.0502221220],
    "magnet_dim": 19,    
    "clusters": 2,
    "max_obj": 1.5,

    "additional_values": "unused comments below",
    "fNominalan": [0.41929845, 9.12279843, 1.95770222, 1.6251646888022029, 0.12574090408565933],
    "fNominalpg": [0.00812366536, 6.90333129, 9.51620352, 1.01742565, 0.0502221220]

}


