{

    "scratch_dir": "/scratch/hermanse/secar_mobo/",
    "fox_name": "SECAR_pg_Optics",
    "fixed_cosy_objs": ["FP1_res","FP2_res","FP3_res","MaxBeamWidth","FP4_BeamSpot"],
    "n_obj": 3,    
    "n_con": 1,
    "objectives": ["FP2_res","FP3_res","MaxBeamWidth"],
    "constraints": ["FP4_BeamSpot"],
    "fNominal": {"FP1_res":0.00812366536,"FP2_res":6.90333129,"FP3_res": 9.51620352, "MaxBeamWidth": 1.01742565,"FP4_BeamSpot": 1.0},
    "magnet_dim": 19,    
    "clusters": 5,
    "max_obj": 105.5,

    "additional_values": "unused comments below",
    "5objectives": ["FP1_res","FP2_res","FP3_res","MaxBeamWidth","FP4_BeamSpot"],
    "5fNominal": [0.00812366536, 6.90333129, 9.51620352, 1.01742565, 0.0502221220],
    "fNominalan": [0.41929845, 9.12279843, 1.95770222, 1.6251646888022029, 0.12574090408565933],
    "fNominalpg": [0.00812366536, 6.90333129, 9.51620352, 1.01742565, 0.0502221220]

}


